{
    "$schema": "https://schema.management.azure.com/schemas/2015-01-01/deploymentParameters.json#",
    "contentVersion": "1.0.0.0",
    "parameters": {
        "virtualMachines_CSI_W10Pro_name": {
            "value": null
        },
        "disks_CSI_W10Pro_OsDisk_1_6a4f7ddde1f849e5aab018365dd484b0_externalid": {
            "value": null
        },
        "disks_CSI_W10Pro_DataDisk_0_externalid": {
            "value": null
        },
        "networkInterfaces_csi_w10pro86_externalid": {
            "value": null
        }
    }
}